<?xml version="1.0" encoding="UTF-8"?>
<metadata xml:lang="en"><Esri><CreaDate>20250305</CreaDate><CreaTime>16354000</CreaTime><ArcGISFormat>1.0</ArcGISFormat><SyncOnce>FALSE</SyncOnce><DataProperties><lineage><Process ToolSource="c:\program files\arcgis\pro\Resources\ArcToolbox\toolboxes\Data Management Tools.tbx\CreateFeatureclass" Date="20250305" Time="161503">CreateFeatureclass "C:\Users\User\Desktop\GIS\WV\Mower\Mower Tract Mineland Restoration_shapefiles\Wetlands" WetlandCreationFY10_BartonBench Point WetlandCreationFY18_Mower19 No No "PROJCS["NAD_1983_UTM_Zone_17N",GEOGCS["GCS_North_American_1983",DATUM["D_North_American_1983",SPHEROID["GRS_1980",6378137.0,298.257222101]],PRIMEM["Greenwich",0.0],UNIT["Degree",0.0174532925199433]],PROJECTION["Transverse_Mercator"],PARAMETER["False_Easting",500000.0],PARAMETER["False_Northing",0.0],PARAMETER["Central_Meridian",-81.0],PARAMETER["Scale_Factor",0.9996],PARAMETER["Latitude_Of_Origin",0.0],UNIT["Meter",1.0]];-5120900 -9998100 10000;-100000 10000;-100000 10000;0.001;0.001;0.001;IsHighPrecision" # 0 0 0 #</Process><Process ToolSource="c:\program files\arcgis\pro\Resources\ArcToolbox\toolboxes\Data Management Tools.tbx\Merge" Date="20250305" Time="163247">Merge 'MowerWetlands\Wetland points\WetlandCreationFY10_BartonBench';'MowerWetlands\Wetland points\WetlandCreationFY13_LambertN';'MowerWetlands\Wetland points\WetlandCreationFY14_LambertS';'MowerWetlands\Wetland points\WetlandCreationFY16_Mower17';'MowerWetlands\Wetland points\WetlandCreationFY18_Mower19' "C:\Users\User\Desktop\GIS\WV\Mower\Mower Tract Mineland Restoration_shapefiles\WetlandPoints.shp" "type "type" true true false 10 Text 0 0,First,#,MowerWetlands\Wetland points\WetlandCreationFY10_BartonBench,type,0,10,MowerWetlands\Wetland points\WetlandCreationFY13_LambertN,type,0,10,MowerWetlands\Wetland points\WetlandCreationFY14_LambertS,type,0,10,MowerWetlands\Wetland points\WetlandCreationFY16_Mower17,type,0,10,MowerWetlands\Wetland points\WetlandCreationFY18_Mower19,type,0,10;ident "ident" true true false 24 Text 0 0,First,#,MowerWetlands\Wetland points\WetlandCreationFY10_BartonBench,ident,0,24,MowerWetlands\Wetland points\WetlandCreationFY13_LambertN,ident,0,24,MowerWetlands\Wetland points\WetlandCreationFY14_LambertS,ident,0,24,MowerWetlands\Wetland points\WetlandCreationFY16_Mower17,ident,0,24,MowerWetlands\Wetland points\WetlandCreationFY18_Mower19,ident,0,24;Latitude "Latitude" true true false 19 Double 8 18,First,#,MowerWetlands\Wetland points\WetlandCreationFY10_BartonBench,Latitude,-1,-1,MowerWetlands\Wetland points\WetlandCreationFY13_LambertN,Latitude,-1,-1,MowerWetlands\Wetland points\WetlandCreationFY14_LambertS,Latitude,-1,-1,MowerWetlands\Wetland points\WetlandCreationFY16_Mower17,Latitude,-1,-1,MowerWetlands\Wetland points\WetlandCreationFY18_Mower19,Latitude,-1,-1;Longitude "Longitude" true true false 19 Double 8 18,First,#,MowerWetlands\Wetland points\WetlandCreationFY10_BartonBench,Longitude,-1,-1,MowerWetlands\Wetland points\WetlandCreationFY13_LambertN,Longitude,-1,-1,MowerWetlands\Wetland points\WetlandCreationFY14_LambertS,Longitude,-1,-1,MowerWetlands\Wetland points\WetlandCreationFY16_Mower17,Longitude,-1,-1,MowerWetlands\Wetland points\WetlandCreationFY18_Mower19,Longitude,-1,-1;y_proj "y_proj" true true false 19 Double 8 18,First,#,MowerWetlands\Wetland points\WetlandCreationFY10_BartonBench,y_proj,-1,-1,MowerWetlands\Wetland points\WetlandCreationFY13_LambertN,y_proj,-1,-1,MowerWetlands\Wetland points\WetlandCreationFY14_LambertS,y_proj,-1,-1,MowerWetlands\Wetland points\WetlandCreationFY16_Mower17,y_proj,-1,-1,MowerWetlands\Wetland points\WetlandCreationFY18_Mower19,y_proj,-1,-1;x_proj "x_proj" true true false 19 Double 8 18,First,#,MowerWetlands\Wetland points\WetlandCreationFY10_BartonBench,x_proj,-1,-1,MowerWetlands\Wetland points\WetlandCreationFY13_LambertN,x_proj,-1,-1,MowerWetlands\Wetland points\WetlandCreationFY14_LambertS,x_proj,-1,-1,MowerWetlands\Wetland points\WetlandCreationFY16_Mower17,x_proj,-1,-1,MowerWetlands\Wetland points\WetlandCreationFY18_Mower19,x_proj,-1,-1;comment "comment" true true false 254 Text 0 0,First,#,MowerWetlands\Wetland points\WetlandCreationFY10_BartonBench,comment,0,254,MowerWetlands\Wetland points\WetlandCreationFY13_LambertN,comment,0,254,MowerWetlands\Wetland points\WetlandCreationFY14_LambertS,comment,0,254,MowerWetlands\Wetland points\WetlandCreationFY16_Mower17,comment,0,254,MowerWetlands\Wetland points\WetlandCreationFY18_Mower19,comment,0,254;display "display" true true false 10 Text 0 0,First,#,MowerWetlands\Wetland points\WetlandCreationFY10_BartonBench,display,0,10,MowerWetlands\Wetland points\WetlandCreationFY13_LambertN,display,0,10,MowerWetlands\Wetland points\WetlandCreationFY14_LambertS,display,0,10,MowerWetlands\Wetland points\WetlandCreationFY16_Mower17,display,0,10,MowerWetlands\Wetland points\WetlandCreationFY18_Mower19,display,0,10;symbol "symbol" true true false 10 Text 0 0,First,#,MowerWetlands\Wetland points\WetlandCreationFY10_BartonBench,symbol,0,10,MowerWetlands\Wetland points\WetlandCreationFY13_LambertN,symbol,0,10,MowerWetlands\Wetland points\WetlandCreationFY14_LambertS,symbol,0,10,MowerWetlands\Wetland points\WetlandCreationFY16_Mower17,symbol,0,10,MowerWetlands\Wetland points\WetlandCreationFY18_Mower19,symbol,0,10;dist "dist" true true false 13 Double 2 12,First,#,MowerWetlands\Wetland points\WetlandCreationFY10_BartonBench,dist,-1,-1,MowerWetlands\Wetland points\WetlandCreationFY13_LambertN,dist,-1,-1,MowerWetlands\Wetland points\WetlandCreationFY16_Mower17,dist,-1,-1,MowerWetlands\Wetland points\WetlandCreationFY18_Mower19,dist,-1,-1;proximity "proximity" true true false 10 Text 0 0,First,#,MowerWetlands\Wetland points\WetlandCreationFY10_BartonBench,proximity,0,10,MowerWetlands\Wetland points\WetlandCreationFY13_LambertN,proximity,0,10,MowerWetlands\Wetland points\WetlandCreationFY16_Mower17,proximity,0,10,MowerWetlands\Wetland points\WetlandCreationFY18_Mower19,proximity,0,10;color "color" true true false 10 Text 0 0,First,#,MowerWetlands\Wetland points\WetlandCreationFY10_BartonBench,color,0,10,MowerWetlands\Wetland points\WetlandCreationFY13_LambertN,color,0,10,MowerWetlands\Wetland points\WetlandCreationFY16_Mower17,color,0,10,MowerWetlands\Wetland points\WetlandCreationFY18_Mower19,color,0,10;altitude "altitude" true true false 13 Double 2 12,First,#,MowerWetlands\Wetland points\WetlandCreationFY10_BartonBench,altitude,-1,-1,MowerWetlands\Wetland points\WetlandCreationFY13_LambertN,altitude,-1,-1,MowerWetlands\Wetland points\WetlandCreationFY16_Mower17,altitude,-1,-1,MowerWetlands\Wetland points\WetlandCreationFY18_Mower19,altitude,-1,-1;depth "depth" true true false 13 Double 2 12,First,#,MowerWetlands\Wetland points\WetlandCreationFY10_BartonBench,depth,-1,-1,MowerWetlands\Wetland points\WetlandCreationFY13_LambertN,depth,-1,-1,MowerWetlands\Wetland points\WetlandCreationFY16_Mower17,depth,-1,-1,MowerWetlands\Wetland points\WetlandCreationFY18_Mower19,depth,-1,-1;temp "temp" true true false 13 Double 2 12,First,#,MowerWetlands\Wetland points\WetlandCreationFY10_BartonBench,temp,-1,-1,MowerWetlands\Wetland points\WetlandCreationFY13_LambertN,temp,-1,-1,MowerWetlands\Wetland points\WetlandCreationFY16_Mower17,temp,-1,-1,MowerWetlands\Wetland points\WetlandCreationFY18_Mower19,temp,-1,-1;time "time" true true false 20 Text 0 0,First,#,MowerWetlands\Wetland points\WetlandCreationFY10_BartonBench,time,0,20,MowerWetlands\Wetland points\WetlandCreationFY13_LambertN,time,0,20,MowerWetlands\Wetland points\WetlandCreationFY16_Mower17,time,0,20,MowerWetlands\Wetland points\WetlandCreationFY18_Mower19,time,0,20;wpt_class "wpt_class" true true false 10 Text 0 0,First,#,MowerWetlands\Wetland points\WetlandCreationFY10_BartonBench,wpt_class,0,10,MowerWetlands\Wetland points\WetlandCreationFY13_LambertN,wpt_class,0,10,MowerWetlands\Wetland points\WetlandCreationFY16_Mower17,wpt_class,0,10,MowerWetlands\Wetland points\WetlandCreationFY18_Mower19,wpt_class,0,10;sub_class "sub_class" true true false 10 Text 0 0,First,#,MowerWetlands\Wetland points\WetlandCreationFY10_BartonBench,sub_class,0,10,MowerWetlands\Wetland points\WetlandCreationFY13_LambertN,sub_class,0,10,MowerWetlands\Wetland points\WetlandCreationFY16_Mower17,sub_class,0,10,MowerWetlands\Wetland points\WetlandCreationFY18_Mower19,sub_class,0,10;attrib "attrib" true true false 10 Text 0 0,First,#,MowerWetlands\Wetland points\WetlandCreationFY10_BartonBench,attrib,0,10,MowerWetlands\Wetland points\WetlandCreationFY13_LambertN,attrib,0,10,MowerWetlands\Wetland points\WetlandCreationFY16_Mower17,attrib,0,10,MowerWetlands\Wetland points\WetlandCreationFY18_Mower19,attrib,0,10;link "link" true true false 254 Text 0 0,First,#,MowerWetlands\Wetland points\WetlandCreationFY10_BartonBench,link,0,254,MowerWetlands\Wetland points\WetlandCreationFY13_LambertN,link,0,254,MowerWetlands\Wetland points\WetlandCreationFY16_Mower17,link,0,254,MowerWetlands\Wetland points\WetlandCreationFY18_Mower19,link,0,254;state "state" true true false 15 Text 0 0,First,#,MowerWetlands\Wetland points\WetlandCreationFY10_BartonBench,state,0,15,MowerWetlands\Wetland points\WetlandCreationFY13_LambertN,state,0,15,MowerWetlands\Wetland points\WetlandCreationFY16_Mower17,state,0,15,MowerWetlands\Wetland points\WetlandCreationFY18_Mower19,state,0,15;country "country" true true false 15 Text 0 0,First,#,MowerWetlands\Wetland points\WetlandCreationFY10_BartonBench,country,0,15,MowerWetlands\Wetland points\WetlandCreationFY13_LambertN,country,0,15,MowerWetlands\Wetland points\WetlandCreationFY16_Mower17,country,0,15,MowerWetlands\Wetland points\WetlandCreationFY18_Mower19,country,0,15;city "city" true true false 15 Text 0 0,First,#,MowerWetlands\Wetland points\WetlandCreationFY10_BartonBench,city,0,15,MowerWetlands\Wetland points\WetlandCreationFY13_LambertN,city,0,15,MowerWetlands\Wetland points\WetlandCreationFY16_Mower17,city,0,15,MowerWetlands\Wetland points\WetlandCreationFY18_Mower19,city,0,15;address "address" true true false 15 Text 0 0,First,#,MowerWetlands\Wetland points\WetlandCreationFY10_BartonBench,address,0,15,MowerWetlands\Wetland points\WetlandCreationFY13_LambertN,address,0,15,MowerWetlands\Wetland points\WetlandCreationFY16_Mower17,address,0,15,MowerWetlands\Wetland points\WetlandCreationFY18_Mower19,address,0,15;zip "zip" true true false 15 Text 0 0,First,#,MowerWetlands\Wetland points\WetlandCreationFY10_BartonBench,zip,0,15,MowerWetlands\Wetland points\WetlandCreationFY13_LambertN,zip,0,15,MowerWetlands\Wetland points\WetlandCreationFY16_Mower17,zip,0,15,MowerWetlands\Wetland points\WetlandCreationFY18_Mower19,zip,0,15;facility "facility" true true false 15 Text 0 0,First,#,MowerWetlands\Wetland points\WetlandCreationFY10_BartonBench,facility,0,15,MowerWetlands\Wetland points\WetlandCreationFY13_LambertN,facility,0,15,MowerWetlands\Wetland points\WetlandCreationFY16_Mower17,facility,0,15,MowerWetlands\Wetland points\WetlandCreationFY18_Mower19,facility,0,15;crossroad "crossroad" true true false 15 Text 0 0,First,#,MowerWetlands\Wetland points\WetlandCreationFY10_BartonBench,crossroad,0,15,MowerWetlands\Wetland points\WetlandCreationFY13_LambertN,crossroad,0,15,MowerWetlands\Wetland points\WetlandCreationFY16_Mower17,crossroad,0,15,MowerWetlands\Wetland points\WetlandCreationFY18_Mower19,crossroad,0,15;ete "ete" true true false 10 Text 0 0,First,#,MowerWetlands\Wetland points\WetlandCreationFY10_BartonBench,ete,0,10,MowerWetlands\Wetland points\WetlandCreationFY13_LambertN,ete,0,10,MowerWetlands\Wetland points\WetlandCreationFY16_Mower17,ete,0,10,MowerWetlands\Wetland points\WetlandCreationFY18_Mower19,ete,0,10;dtype "dtype" true true false 10 Text 0 0,First,#,MowerWetlands\Wetland points\WetlandCreationFY10_BartonBench,dtype,0,10,MowerWetlands\Wetland points\WetlandCreationFY13_LambertN,dtype,0,10,MowerWetlands\Wetland points\WetlandCreationFY16_Mower17,dtype,0,10,MowerWetlands\Wetland points\WetlandCreationFY18_Mower19,dtype,0,10;model "model" true true false 20 Text 0 0,First,#,MowerWetlands\Wetland points\WetlandCreationFY10_BartonBench,model,0,20,MowerWetlands\Wetland points\WetlandCreationFY13_LambertN,model,0,20,MowerWetlands\Wetland points\WetlandCreationFY16_Mower17,model,0,20,MowerWetlands\Wetland points\WetlandCreationFY18_Mower19,model,0,20;filename "filename" true true false 254 Text 0 0,First,#,MowerWetlands\Wetland points\WetlandCreationFY10_BartonBench,filename,0,254,MowerWetlands\Wetland points\WetlandCreationFY13_LambertN,filename,0,254,MowerWetlands\Wetland points\WetlandCreationFY14_LambertS,filename,0,254,MowerWetlands\Wetland points\WetlandCreationFY16_Mower17,filename,0,254,MowerWetlands\Wetland points\WetlandCreationFY18_Mower19,filename,0,254;ltime "ltime" true true false 20 Text 0 0,First,#,MowerWetlands\Wetland points\WetlandCreationFY10_BartonBench,ltime,0,20,MowerWetlands\Wetland points\WetlandCreationFY13_LambertN,ltime,0,20,MowerWetlands\Wetland points\WetlandCreationFY14_LambertS,ltime,0,20,MowerWetlands\Wetland points\WetlandCreationFY16_Mower17,ltime,0,20,MowerWetlands\Wetland points\WetlandCreationFY18_Mower19,ltime,0,20;magvar "magvar" true true false 11 Double 2 10,First,#,MowerWetlands\Wetland points\WetlandCreationFY10_BartonBench,magvar,-1,-1,MowerWetlands\Wetland points\WetlandCreationFY13_LambertN,magvar,-1,-1,MowerWetlands\Wetland points\WetlandCreationFY16_Mower17,magvar,-1,-1,MowerWetlands\Wetland points\WetlandCreationFY18_Mower19,magvar,-1,-1;geoidheigh "geoidheigh" true true false 11 Double 2 10,First,#,MowerWetlands\Wetland points\WetlandCreationFY10_BartonBench,geoidheigh,-1,-1,MowerWetlands\Wetland points\WetlandCreationFY13_LambertN,geoidheigh,-1,-1,MowerWetlands\Wetland points\WetlandCreationFY16_Mower17,geoidheigh,-1,-1,MowerWetlands\Wetland points\WetlandCreationFY18_Mower19,geoidheigh,-1,-1;desc_ "desc_" true true false 254 Text 0 0,First,#,MowerWetlands\Wetland points\WetlandCreationFY10_BartonBench,desc_,0,254,MowerWetlands\Wetland points\WetlandCreationFY16_Mower17,desc_,0,254;fix "fix" true true false 5 Text 0 0,First,#,MowerWetlands\Wetland points\WetlandCreationFY10_BartonBench,fix,0,5,MowerWetlands\Wetland points\WetlandCreationFY13_LambertN,fix,0,5,MowerWetlands\Wetland points\WetlandCreationFY16_Mower17,fix,0,5,MowerWetlands\Wetland points\WetlandCreationFY18_Mower19,fix,0,5;sat "sat" true true false 5 Long 0 5,First,#,MowerWetlands\Wetland points\WetlandCreationFY10_BartonBench,sat,-1,-1,MowerWetlands\Wetland points\WetlandCreationFY13_LambertN,sat,-1,-1,MowerWetlands\Wetland points\WetlandCreationFY14_LambertS,sat,-1,-1,MowerWetlands\Wetland points\WetlandCreationFY16_Mower17,sat,-1,-1,MowerWetlands\Wetland points\WetlandCreationFY18_Mower19,sat,-1,-1;hdop "hdop" true true false 6 Float 2 5,First,#,MowerWetlands\Wetland points\WetlandCreationFY10_BartonBench,hdop,-1,-1,MowerWetlands\Wetland points\WetlandCreationFY13_LambertN,hdop,-1,-1,MowerWetlands\Wetland points\WetlandCreationFY16_Mower17,hdop,-1,-1,MowerWetlands\Wetland points\WetlandCreationFY18_Mower19,hdop,-1,-1;vdop "vdop" true true false 6 Float 2 5,First,#,MowerWetlands\Wetland points\WetlandCreationFY10_BartonBench,vdop,-1,-1,MowerWetlands\Wetland points\WetlandCreationFY13_LambertN,vdop,-1,-1,MowerWetlands\Wetland points\WetlandCreationFY16_Mower17,vdop,-1,-1,MowerWetlands\Wetland points\WetlandCreationFY18_Mower19,vdop,-1,-1;pdop "pdop" true true false 6 Float 2 5,First,#,MowerWetlands\Wetland points\WetlandCreationFY10_BartonBench,pdop,-1,-1,MowerWetlands\Wetland points\WetlandCreationFY13_LambertN,pdop,-1,-1,MowerWetlands\Wetland points\WetlandCreationFY16_Mower17,pdop,-1,-1,MowerWetlands\Wetland points\WetlandCreationFY18_Mower19,pdop,-1,-1;ageofdgpsd "ageofdgpsd" true true false 10 Long 0 10,First,#,MowerWetlands\Wetland points\WetlandCreationFY10_BartonBench,ageofdgpsd,-1,-1,MowerWetlands\Wetland points\WetlandCreationFY13_LambertN,ageofdgpsd,-1,-1,MowerWetlands\Wetland points\WetlandCreationFY16_Mower17,ageofdgpsd,-1,-1,MowerWetlands\Wetland points\WetlandCreationFY18_Mower19,ageofdgpsd,-1,-1;dgpsid "dgpsid" true true false 4 Short 0 4,First,#,MowerWetlands\Wetland points\WetlandCreationFY10_BartonBench,dgpsid,-1,-1,MowerWetlands\Wetland points\WetlandCreationFY13_LambertN,dgpsid,-1,-1,MowerWetlands\Wetland points\WetlandCreationFY16_Mower17,dgpsid,-1,-1,MowerWetlands\Wetland points\WetlandCreationFY18_Mower19,dgpsid,-1,-1;dir "dir" true true false 10 Text 0 0,First,#,MowerWetlands\Wetland points\WetlandCreationFY10_BartonBench,dir,0,10,MowerWetlands\Wetland points\WetlandCreationFY13_LambertN,dir,0,10,MowerWetlands\Wetland points\WetlandCreationFY14_LambertS,dir,0,10,MowerWetlands\Wetland points\WetlandCreationFY16_Mower17,dir,0,10,MowerWetlands\Wetland points\WetlandCreationFY18_Mower19,dir,0,10;desc "desc" true true false 254 Text 0 0,First,#,MowerWetlands\Wetland points\WetlandCreationFY13_LambertN,desc,0,254,MowerWetlands\Wetland points\WetlandCreationFY14_LambertS,desc,0,254,MowerWetlands\Wetland points\WetlandCreationFY18_Mower19,desc,0,254" NO_SOURCE_INFO</Process><Process ToolSource="c:\program files\arcgis\pro\Resources\ArcToolbox\toolboxes\Data Management Tools.tbx\Copy" Date="20250305" Time="163540">Copy "C:\Users\User\Desktop\GIS\WV\Mower\Mower Tract Mineland Restoration_shapefiles\WetlandPoints.shp" "C:\Users\User\Desktop\GIS\WV\Mower\Mower Tract Mineland Restoration_shapefiles\Wetlands\WetlandPoints.shp" Shapefile #</Process></lineage><itemProps><itemName Sync="TRUE">WetlandPoints</itemName><imsContentType Sync="TRUE">002</imsContentType><itemSize Sync="TRUE">0.000</itemSize><itemLocation><linkage Sync="TRUE">file://\\DESKTOP-2E78JF2\C$\Users\User\Desktop\GIS\WV\Mower\Mower Tract Mineland Restoration_shapefiles\Wetlands\WetlandPoints</linkage><protocol Sync="TRUE">Local Area Network</protocol></itemLocation></itemProps><coordRef><type Sync="TRUE">Projected</type><geogcsn Sync="TRUE">GCS_North_American_1983</geogcsn><csUnits Sync="TRUE">Linear Unit: Meter (1.000000)</csUnits><projcsn Sync="TRUE">NAD_1983_UTM_Zone_17N</projcsn><peXml Sync="TRUE">&lt;ProjectedCoordinateSystem xsi:type='typens:ProjectedCoordinateSystem' xmlns:xsi='http://www.w3.org/2001/XMLSchema-instance' xmlns:xs='http://www.w3.org/2001/XMLSchema' xmlns:typens='http://www.esri.com/schemas/ArcGIS/3.1.0'&gt;&lt;WKT&gt;PROJCS[&amp;quot;NAD_1983_UTM_Zone_17N&amp;quot;,GEOGCS[&amp;quot;GCS_North_American_1983&amp;quot;,DATUM[&amp;quot;D_North_American_1983&amp;quot;,SPHEROID[&amp;quot;GRS_1980&amp;quot;,6378137.0,298.257222101]],PRIMEM[&amp;quot;Greenwich&amp;quot;,0.0],UNIT[&amp;quot;Degree&amp;quot;,0.0174532925199433]],PROJECTION[&amp;quot;Transverse_Mercator&amp;quot;],PARAMETER[&amp;quot;False_Easting&amp;quot;,500000.0],PARAMETER[&amp;quot;False_Northing&amp;quot;,0.0],PARAMETER[&amp;quot;Central_Meridian&amp;quot;,-81.0],PARAMETER[&amp;quot;Scale_Factor&amp;quot;,0.9996],PARAMETER[&amp;quot;Latitude_Of_Origin&amp;quot;,0.0],UNIT[&amp;quot;Meter&amp;quot;,1.0],AUTHORITY[&amp;quot;EPSG&amp;quot;,26917]]&lt;/WKT&gt;&lt;XOrigin&gt;-5120900&lt;/XOrigin&gt;&lt;YOrigin&gt;-9998100&lt;/YOrigin&gt;&lt;XYScale&gt;450445547.3910538&lt;/XYScale&gt;&lt;ZOrigin&gt;-100000&lt;/ZOrigin&gt;&lt;ZScale&gt;10000&lt;/ZScale&gt;&lt;MOrigin&gt;-100000&lt;/MOrigin&gt;&lt;MScale&gt;10000&lt;/MScale&gt;&lt;XYTolerance&gt;0.001&lt;/XYTolerance&gt;&lt;ZTolerance&gt;0.001&lt;/ZTolerance&gt;&lt;MTolerance&gt;0.001&lt;/MTolerance&gt;&lt;HighPrecision&gt;true&lt;/HighPrecision&gt;&lt;WKID&gt;26917&lt;/WKID&gt;&lt;LatestWKID&gt;26917&lt;/LatestWKID&gt;&lt;/ProjectedCoordinateSystem&gt;</peXml></coordRef><copyHistory><copy source="C:\Users\User\Desktop\GIS\WV\Mower\Mower Tract Mineland Restoration_shapefiles\WetlandPoints" dest="\\DESKTOP-2E78JF2\C$\Users\User\Desktop\GIS\WV\Mower\Mower Tract Mineland Restoration_shapefiles\Wetlands\WetlandPoints" date="20250305" time="16354000"></copy></copyHistory></DataProperties><SyncDate>20250305</SyncDate><SyncTime>16324600</SyncTime><ModDate>20250305</ModDate><ModTime>16324600</ModTime></Esri><dataIdInfo><envirDesc Sync="TRUE">Microsoft Windows 10 Version 10.0 (Build 26100) ; Esri ArcGIS 13.1.0.41833</envirDesc><dataLang><languageCode value="eng" Sync="TRUE"></languageCode><countryCode value="USA" Sync="TRUE"></countryCode></dataLang><idCitation><resTitle Sync="TRUE">WetlandPoints</resTitle><presForm><PresFormCd value="005" Sync="TRUE"></PresFormCd></presForm></idCitation><spatRpType><SpatRepTypCd value="001" Sync="TRUE"></SpatRepTypCd></spatRpType></dataIdInfo><mdLang><languageCode value="eng" Sync="TRUE"></languageCode><countryCode value="USA" Sync="TRUE"></countryCode></mdLang><mdChar><CharSetCd value="004" Sync="TRUE"></CharSetCd></mdChar><distInfo><distFormat><formatName Sync="TRUE">Shapefile</formatName></distFormat><distTranOps><transSize Sync="TRUE">0.000</transSize></distTranOps></distInfo><mdHrLv><ScopeCd value="005" Sync="TRUE"></ScopeCd></mdHrLv><mdHrLvName Sync="TRUE">dataset</mdHrLvName><refSysInfo><RefSystem><refSysID><identCode code="26917" Sync="TRUE"></identCode><idCodeSpace Sync="TRUE">EPSG</idCodeSpace><idVersion Sync="TRUE">6.11(3.0.1)</idVersion></refSysID></RefSystem></refSysInfo><spatRepInfo><VectSpatRep><geometObjs Name="WetlandPoints"><geoObjTyp><GeoObjTypCd value="004" Sync="TRUE"></GeoObjTypCd></geoObjTyp><geoObjCnt Sync="TRUE">0</geoObjCnt></geometObjs><topLvl><TopoLevCd value="001" Sync="TRUE"></TopoLevCd></topLvl></VectSpatRep></spatRepInfo><spdoinfo><ptvctinf><esriterm Name="WetlandPoints"><efeatyp Sync="TRUE">Simple</efeatyp><efeageom code="1" Sync="TRUE"></efeageom><esritopo Sync="TRUE">FALSE</esritopo><efeacnt Sync="TRUE">0</efeacnt><spindex Sync="TRUE">FALSE</spindex><linrefer Sync="TRUE">TRUE</linrefer></esriterm></ptvctinf></spdoinfo><eainfo><detailed Name="WetlandPoints"><enttyp><enttypl Sync="TRUE">WetlandPoints</enttypl><enttypt Sync="TRUE">Feature Class</enttypt><enttypc Sync="TRUE">0</enttypc></enttyp><attr><attrlabl Sync="TRUE">FID</attrlabl><attalias Sync="TRUE">FID</attalias><attrtype Sync="TRUE">OID</attrtype><attwidth Sync="TRUE">4</attwidth><atprecis Sync="TRUE">0</atprecis><attscale Sync="TRUE">0</attscale><attrdef Sync="TRUE">Internal feature number.</attrdef><attrdefs Sync="TRUE">Esri</attrdefs><attrdomv><udom Sync="TRUE">Sequential unique whole numbers that are automatically generated.</udom></attrdomv></attr><attr><attrlabl Sync="TRUE">Shape</attrlabl><attalias Sync="TRUE">Shape</attalias><attrtype Sync="TRUE">Geometry</attrtype><attwidth Sync="TRUE">0</attwidth><atprecis Sync="TRUE">0</atprecis><attscale Sync="TRUE">0</attscale><attrdef Sync="TRUE">Feature geometry.</attrdef><attrdefs Sync="TRUE">Esri</attrdefs><attrdomv><udom Sync="TRUE">Coordinates defining the features.</udom></attrdomv></attr><attr><attrlabl Sync="TRUE">type</attrlabl><attalias Sync="TRUE">type</attalias><attrtype Sync="TRUE">String</attrtype><attwidth Sync="TRUE">10</attwidth><atprecis Sync="TRUE">0</atprecis><attscale Sync="TRUE">0</attscale></attr><attr><attrlabl Sync="TRUE">ident</attrlabl><attalias Sync="TRUE">ident</attalias><attrtype Sync="TRUE">String</attrtype><attwidth Sync="TRUE">24</attwidth><atprecis Sync="TRUE">0</atprecis><attscale Sync="TRUE">0</attscale></attr><attr><attrlabl Sync="TRUE">Latitude</attrlabl><attalias Sync="TRUE">Latitude</attalias><attrtype Sync="TRUE">Double</attrtype><attwidth Sync="TRUE">19</attwidth><atprecis Sync="TRUE">18</atprecis><attscale Sync="TRUE">8</attscale></attr><attr><attrlabl Sync="TRUE">Longitude</attrlabl><attalias Sync="TRUE">Longitude</attalias><attrtype Sync="TRUE">Double</attrtype><attwidth Sync="TRUE">19</attwidth><atprecis Sync="TRUE">18</atprecis><attscale Sync="TRUE">8</attscale></attr><attr><attrlabl Sync="TRUE">y_proj</attrlabl><attalias Sync="TRUE">y_proj</attalias><attrtype Sync="TRUE">Double</attrtype><attwidth Sync="TRUE">19</attwidth><atprecis Sync="TRUE">18</atprecis><attscale Sync="TRUE">8</attscale></attr><attr><attrlabl Sync="TRUE">x_proj</attrlabl><attalias Sync="TRUE">x_proj</attalias><attrtype Sync="TRUE">Double</attrtype><attwidth Sync="TRUE">19</attwidth><atprecis Sync="TRUE">18</atprecis><attscale Sync="TRUE">8</attscale></attr><attr><attrlabl Sync="TRUE">comment</attrlabl><attalias Sync="TRUE">comment</attalias><attrtype Sync="TRUE">String</attrtype><attwidth Sync="TRUE">254</attwidth><atprecis Sync="TRUE">0</atprecis><attscale Sync="TRUE">0</attscale></attr><attr><attrlabl Sync="TRUE">display</attrlabl><attalias Sync="TRUE">display</attalias><attrtype Sync="TRUE">String</attrtype><attwidth Sync="TRUE">10</attwidth><atprecis Sync="TRUE">0</atprecis><attscale Sync="TRUE">0</attscale></attr><attr><attrlabl Sync="TRUE">symbol</attrlabl><attalias Sync="TRUE">symbol</attalias><attrtype Sync="TRUE">String</attrtype><attwidth Sync="TRUE">10</attwidth><atprecis Sync="TRUE">0</atprecis><attscale Sync="TRUE">0</attscale></attr><attr><attrlabl Sync="TRUE">dist</attrlabl><attalias Sync="TRUE">dist</attalias><attrtype Sync="TRUE">Double</attrtype><attwidth Sync="TRUE">13</attwidth><atprecis Sync="TRUE">12</atprecis><attscale Sync="TRUE">2</attscale></attr><attr><attrlabl Sync="TRUE">proximity</attrlabl><attalias Sync="TRUE">proximity</attalias><attrtype Sync="TRUE">String</attrtype><attwidth Sync="TRUE">10</attwidth><atprecis Sync="TRUE">0</atprecis><attscale Sync="TRUE">0</attscale></attr><attr><attrlabl Sync="TRUE">color</attrlabl><attalias Sync="TRUE">color</attalias><attrtype Sync="TRUE">String</attrtype><attwidth Sync="TRUE">10</attwidth><atprecis Sync="TRUE">0</atprecis><attscale Sync="TRUE">0</attscale></attr><attr><attrlabl Sync="TRUE">altitude</attrlabl><attalias Sync="TRUE">altitude</attalias><attrtype Sync="TRUE">Double</attrtype><attwidth Sync="TRUE">13</attwidth><atprecis Sync="TRUE">12</atprecis><attscale Sync="TRUE">2</attscale></attr><attr><attrlabl Sync="TRUE">depth</attrlabl><attalias Sync="TRUE">depth</attalias><attrtype Sync="TRUE">Double</attrtype><attwidth Sync="TRUE">13</attwidth><atprecis Sync="TRUE">12</atprecis><attscale Sync="TRUE">2</attscale></attr><attr><attrlabl Sync="TRUE">temp</attrlabl><attalias Sync="TRUE">temp</attalias><attrtype Sync="TRUE">Double</attrtype><attwidth Sync="TRUE">13</attwidth><atprecis Sync="TRUE">12</atprecis><attscale Sync="TRUE">2</attscale></attr><attr><attrlabl Sync="TRUE">time</attrlabl><attalias Sync="TRUE">time</attalias><attrtype Sync="TRUE">String</attrtype><attwidth Sync="TRUE">20</attwidth><atprecis Sync="TRUE">0</atprecis><attscale Sync="TRUE">0</attscale></attr><attr><attrlabl Sync="TRUE">wpt_class</attrlabl><attalias Sync="TRUE">wpt_class</attalias><attrtype Sync="TRUE">String</attrtype><attwidth Sync="TRUE">10</attwidth><atprecis Sync="TRUE">0</atprecis><attscale Sync="TRUE">0</attscale></attr><attr><attrlabl Sync="TRUE">sub_class</attrlabl><attalias Sync="TRUE">sub_class</attalias><attrtype Sync="TRUE">String</attrtype><attwidth Sync="TRUE">10</attwidth><atprecis Sync="TRUE">0</atprecis><attscale Sync="TRUE">0</attscale></attr><attr><attrlabl Sync="TRUE">attrib</attrlabl><attalias Sync="TRUE">attrib</attalias><attrtype Sync="TRUE">String</attrtype><attwidth Sync="TRUE">10</attwidth><atprecis Sync="TRUE">0</atprecis><attscale Sync="TRUE">0</attscale></attr><attr><attrlabl Sync="TRUE">link</attrlabl><attalias Sync="TRUE">link</attalias><attrtype Sync="TRUE">String</attrtype><attwidth Sync="TRUE">254</attwidth><atprecis Sync="TRUE">0</atprecis><attscale Sync="TRUE">0</attscale></attr><attr><attrlabl Sync="TRUE">state</attrlabl><attalias Sync="TRUE">state</attalias><attrtype Sync="TRUE">String</attrtype><attwidth Sync="TRUE">15</attwidth><atprecis Sync="TRUE">0</atprecis><attscale Sync="TRUE">0</attscale></attr><attr><attrlabl Sync="TRUE">country</attrlabl><attalias Sync="TRUE">country</attalias><attrtype Sync="TRUE">String</attrtype><attwidth Sync="TRUE">15</attwidth><atprecis Sync="TRUE">0</atprecis><attscale Sync="TRUE">0</attscale></attr><attr><attrlabl Sync="TRUE">city</attrlabl><attalias Sync="TRUE">city</attalias><attrtype Sync="TRUE">String</attrtype><attwidth Sync="TRUE">15</attwidth><atprecis Sync="TRUE">0</atprecis><attscale Sync="TRUE">0</attscale></attr><attr><attrlabl Sync="TRUE">address</attrlabl><attalias Sync="TRUE">address</attalias><attrtype Sync="TRUE">String</attrtype><attwidth Sync="TRUE">15</attwidth><atprecis Sync="TRUE">0</atprecis><attscale Sync="TRUE">0</attscale></attr><attr><attrlabl Sync="TRUE">zip</attrlabl><attalias Sync="TRUE">zip</attalias><attrtype Sync="TRUE">String</attrtype><attwidth Sync="TRUE">15</attwidth><atprecis Sync="TRUE">0</atprecis><attscale Sync="TRUE">0</attscale></attr><attr><attrlabl Sync="TRUE">facility</attrlabl><attalias Sync="TRUE">facility</attalias><attrtype Sync="TRUE">String</attrtype><attwidth Sync="TRUE">15</attwidth><atprecis Sync="TRUE">0</atprecis><attscale Sync="TRUE">0</attscale></attr><attr><attrlabl Sync="TRUE">crossroad</attrlabl><attalias Sync="TRUE">crossroad</attalias><attrtype Sync="TRUE">String</attrtype><attwidth Sync="TRUE">15</attwidth><atprecis Sync="TRUE">0</atprecis><attscale Sync="TRUE">0</attscale></attr><attr><attrlabl Sync="TRUE">ete</attrlabl><attalias Sync="TRUE">ete</attalias><attrtype Sync="TRUE">String</attrtype><attwidth Sync="TRUE">10</attwidth><atprecis Sync="TRUE">0</atprecis><attscale Sync="TRUE">0</attscale></attr><attr><attrlabl Sync="TRUE">dtype</attrlabl><attalias Sync="TRUE">dtype</attalias><attrtype Sync="TRUE">String</attrtype><attwidth Sync="TRUE">10</attwidth><atprecis Sync="TRUE">0</atprecis><attscale Sync="TRUE">0</attscale></attr><attr><attrlabl Sync="TRUE">model</attrlabl><attalias Sync="TRUE">model</attalias><attrtype Sync="TRUE">String</attrtype><attwidth Sync="TRUE">20</attwidth><atprecis Sync="TRUE">0</atprecis><attscale Sync="TRUE">0</attscale></attr><attr><attrlabl Sync="TRUE">filename</attrlabl><attalias Sync="TRUE">filename</attalias><attrtype Sync="TRUE">String</attrtype><attwidth Sync="TRUE">254</attwidth><atprecis Sync="TRUE">0</atprecis><attscale Sync="TRUE">0</attscale></attr><attr><attrlabl Sync="TRUE">ltime</attrlabl><attalias Sync="TRUE">ltime</attalias><attrtype Sync="TRUE">String</attrtype><attwidth Sync="TRUE">20</attwidth><atprecis Sync="TRUE">0</atprecis><attscale Sync="TRUE">0</attscale></attr><attr><attrlabl Sync="TRUE">magvar</attrlabl><attalias Sync="TRUE">magvar</attalias><attrtype Sync="TRUE">Double</attrtype><attwidth Sync="TRUE">11</attwidth><atprecis Sync="TRUE">10</atprecis><attscale Sync="TRUE">2</attscale></attr><attr><attrlabl Sync="TRUE">geoidheigh</attrlabl><attalias Sync="TRUE">geoidheigh</attalias><attrtype Sync="TRUE">Double</attrtype><attwidth Sync="TRUE">11</attwidth><atprecis Sync="TRUE">10</atprecis><attscale Sync="TRUE">2</attscale></attr><attr><attrlabl Sync="TRUE">desc_</attrlabl><attalias Sync="TRUE">desc_</attalias><attrtype Sync="TRUE">String</attrtype><attwidth Sync="TRUE">254</attwidth><atprecis Sync="TRUE">0</atprecis><attscale Sync="TRUE">0</attscale></attr><attr><attrlabl Sync="TRUE">fix</attrlabl><attalias Sync="TRUE">fix</attalias><attrtype Sync="TRUE">String</attrtype><attwidth Sync="TRUE">5</attwidth><atprecis Sync="TRUE">0</atprecis><attscale Sync="TRUE">0</attscale></attr><attr><attrlabl Sync="TRUE">sat</attrlabl><attalias Sync="TRUE">sat</attalias><attrtype Sync="TRUE">Integer</attrtype><attwidth Sync="TRUE">5</attwidth><atprecis Sync="TRUE">5</atprecis><attscale Sync="TRUE">0</attscale></attr><attr><attrlabl Sync="TRUE">hdop</attrlabl><attalias Sync="TRUE">hdop</attalias><attrtype Sync="TRUE">Single</attrtype><attwidth Sync="TRUE">6</attwidth><atprecis Sync="TRUE">5</atprecis><attscale Sync="TRUE">2</attscale></attr><attr><attrlabl Sync="TRUE">vdop</attrlabl><attalias Sync="TRUE">vdop</attalias><attrtype Sync="TRUE">Single</attrtype><attwidth Sync="TRUE">6</attwidth><atprecis Sync="TRUE">5</atprecis><attscale Sync="TRUE">2</attscale></attr><attr><attrlabl Sync="TRUE">pdop</attrlabl><attalias Sync="TRUE">pdop</attalias><attrtype Sync="TRUE">Single</attrtype><attwidth Sync="TRUE">6</attwidth><atprecis Sync="TRUE">5</atprecis><attscale Sync="TRUE">2</attscale></attr><attr><attrlabl Sync="TRUE">ageofdgpsd</attrlabl><attalias Sync="TRUE">ageofdgpsd</attalias><attrtype Sync="TRUE">Integer</attrtype><attwidth Sync="TRUE">10</attwidth><atprecis Sync="TRUE">10</atprecis><attscale Sync="TRUE">0</attscale></attr><attr><attrlabl Sync="TRUE">dgpsid</attrlabl><attalias Sync="TRUE">dgpsid</attalias><attrtype Sync="TRUE">SmallInteger</attrtype><attwidth Sync="TRUE">4</attwidth><atprecis Sync="TRUE">4</atprecis><attscale Sync="TRUE">0</attscale></attr><attr><attrlabl Sync="TRUE">dir</attrlabl><attalias Sync="TRUE">dir</attalias><attrtype Sync="TRUE">String</attrtype><attwidth Sync="TRUE">10</attwidth><atprecis Sync="TRUE">0</atprecis><attscale Sync="TRUE">0</attscale></attr><attr><attrlabl Sync="TRUE">desc1</attrlabl><attalias Sync="TRUE">desc1</attalias><attrtype Sync="TRUE">String</attrtype><attwidth Sync="TRUE">254</attwidth><atprecis Sync="TRUE">0</atprecis><attscale Sync="TRUE">0</attscale></attr></detailed></eainfo><mdDateSt Sync="TRUE">20250305</mdDateSt></metadata>
