<?xml version="1.0" encoding="UTF-8"?>
<metadata xml:lang="en"><Esri><CreaDate>20250303</CreaDate><CreaTime>20474700</CreaTime><ArcGISFormat>1.0</ArcGISFormat><SyncOnce>TRUE</SyncOnce><DataProperties><lineage><Process ToolSource="c:\program files\arcgis\pro\Resources\ArcToolbox\Toolboxes\Data Management Tools.tbx\Rename" Date="20250303" Time="204747">Rename "C:\Users\User\Desktop\Anna Other\Classes\2024 UK Grad Cert\MAP 671_ spring 2025\MowerTract-WV-restoration\map\Restoration site points.shp" "C:\Users\User\Desktop\Anna Other\Classes\2024 UK Grad Cert\MAP 671_ spring 2025\MowerTract-WV-restoration\map\Site names.shp" ShapeFile</Process></lineage></DataProperties></Esri></metadata>
